{
  "locations": {  
    "home": {
      "destination" : [-2464666.4109593323, 5490246.453413948, 2453632.723516274],
      "orientation" : {
        "up" : [0.155509860903652, -0.34641096194630594, 0.9251033069907176],
        "direction" : [0.37886965735131983, -0.8439632168191071, -0.3797155137663435]
      }
    }
  }
}